" ""Bohemian Rhapsody"" is a song by which group?";https://www.wikidata.org/wiki/Q187745;Queen ;;;;;;;;;;;
 AC/DC originated in what country?;https://www.wikidata.org/wiki/Q27593;Australia ;;;;;;;;;;;
 Are Dieter Bohlen and Thomas Anders the only members of Modern Talking?;https://www.wikidata.org/wiki/Q27417;Yes ;;;;;;;;;;;
 Are Skrillex and Diplo the full list of members that are part of Jack Ü?;https://www.wikidata.org/wiki/Q18153648;Yes ;;;;;;;;;;;
 Ashin was the lead singer of which brand?;https://www.wikidata.org/wiki/Q704318;Mayday ;;;;;;;;;;;
 At what age did Michael Jackson die?;https://www.wikidata.org/wiki/Q2831;25-6-2009;;;;;;;;;;;
 By what stage name was Swedish DJ Tim Bergling known?;https://www.wikidata.org/entity/Q505476;Avicii ;;;;;;;;;;;
 By who was Ella Fitzgerald influenced?;https://www.wikidata.org/wiki/Q1768;Maxine Sullivan ;;;;;;;;;;;
 Can you name the country where the music genre Jazz is originated?;https://www.wikidata.org/wiki/Q8341;United States of America ;;;;;;;;;;;
 Did Louis Armstrong influence the Beatles?;https://www.wikidata.org/wiki/Q1299;No ;;;;;;;;;;;
 Did Ludwig van Beethoven influence the Beatles?;https://www.wikidata.org/wiki/Q1299;Yes ;;;;;;;;;;;
 Did Mozart play on violin?;https://www.wikidata.org/wiki/Q254;Yes ;;;;;;;;;;;
 Do The Foals make indie rock?;https://www.wikidata.org/wiki/Q728958;yes ;;;;;;;;;;;
 Does deadmau5 make house music?;https://www.wikidata.org/wiki/Q49009;Yes ;;;;;;;;;;;
 Due to what did Amy Winehouse die?;https://m.wikidata.org/wiki/Q3505252;drug overdose ;;;;;;;;;;;
 During which year was the genre of noise music first introduced?;https://www.wikidata.org/wiki/Q726239;1910;;;;;;;;;;;
 Eminem has signed with which record labels?;https://www.wikidata.org/wiki/Q5608;Shady Records;Interscope Records;Aftermath Entertainment;Rawkus Records;Web Entertainment;Bassmint Productions ;;;;;;
 For what award was Sara Bareilles nominated?;https://www.wikidata.org/wiki/Q230445;Tony Award for Best Original Score ;;;;;;;;;;;
" For what film was ""The Circle of Life"" written?";https://www.wikidata.org/wiki/Q109026;The Lion King ;;;;;;;;;;;
 For what genre are music duo The Upbeats best known?;https://www.wikidata.org/wiki/Q7771774;drum and bass ;;;;;;;;;;;
 From what country came the song 'Kalinka'?;https://www.wikidata.org/wiki/Q382559;Russia ;;;;;;;;;;;
 From what era are the oldest flutes?;https://www.wikidata.org/wiki/Q11405;35. millennium BCE ;;;;;;;;;;;
 From what genre is the single 'Lemon Tree'?;http://www.wikidata.org/entity/Q686654;Britpop ;;;;;;;;;;;
 From where does AC/DC come from?;https://www.wikidata.org/wiki/Q27593;Australia ;;;;;;;;;;;
 From which album came the Dream Theater song A Change of Seasons?;https://www.wikidata.org/wiki/Q3508223;A Change of Seasons ;;;;;;;;;;;
 From which album is Dancing Queen?;https://www.wikidata.org/wiki/Q162392;Arrival ;;;;;;;;;;;
 From which band is the song Bohemian Rapsody?;https://m.wikidata.org/wiki/Q15862;Queen ;;;;;;;;;;;
 From which town is the Dutch band Chef'Special?;https://www.wikidata.org/wiki/Q13462155;Haarlem ;;;;;;;;;;;
 From who is the album Off the Wall?;https://m.wikidata.org/wiki/Q2831;Michael Jackson ;;;;;;;;;;;
 From whom is the song Bohemian Rhapsody?;https://www.wikidata.org/wiki/Q187745;Queen ;;;;;;;;;;;
 German musician Johannes Bach was born in what year?;https://www.wikidata.org/wiki/Q252919;1604;;;;;;;;;;;
 How did Beethoven die?;https://www.wikidata.org/wiki/Q255;Intoxication ;;;;;;;;;;;
 How did Chester Bennington die?;https://www.wikidata.org/wiki/Q19198;Suicide ;;;;;;;;;;;
 How did David Bowie Die?;https://www.wikidata.org/wiki/Q5383;liver cancer ;;;;;;;;;;;
 How did Jimi Hendrix die?;https://www.wikidata.org/wiki/Q5928;barbiturate overdose ;;;;;;;;;;;
 How did kurt cobain die?;https://www.wikidata.org/wiki/Q8446;Suicide ;;;;;;;;;;;
 How did Kurt Cobain name his kid?;https://www.wikidata.org/wiki/Q8446;Frances Bean Cobain ;;;;;;;;;;;
 How did Mac Miller die?;https://www.wikidata.org/wiki/Q324726;Drug overdose ;;;;;;;;;;;
 How did Prince die?;https://www.wikidata.org/wiki/Q7542;Drug overdose ;;;;;;;;;;;
 How did Tony Barrow nickname the Beatles?;https://www.wikidata.org/wiki/Q1299;The Fab Four ;;;;;;;;;;;
 How did Tupac Shakur die?;https://www.wikidata.org/wiki/Q6107;Homicide ;;;;;;;;;;;
 How did Tupac Shakur died?;https://www.wikidata.org/wiki/Q6107;Homicide ;;;;;;;;;;;
 How many albums did English rock band The Beatles release?;https://www.wikidata.org/entity/Q37141;13;;;;;;;;;;;
 How many albums did Queen make?;https://wikidata.org/wiki/Q59263377;8;;;;;;;;;;;
 How many albums has Queen made?;https://www.wikidata.org/wiki/Q59263377;8;;;;;;;;;;;
 How many awards has Rammstein received?;https://www.wikidata.org/wiki/Q25177;1;;;;;;;;;;;
 How many band members did the Beatles have in 1960?;https://www.wikidata.org/wiki/Q1299;7;;;;;;;;;;;
 How many children did Johann Sebastian Bach have?;https://www.wikidata.org/wiki/Q1339;20;;;;;;;;;;;
 How many children does Beyoncé have?;https://www.wikidata.org/wiki/Q36153;3;;;;;;;;;;;
 How many children does Chris Martin have?;https://www.wikidata.org/wiki/Q712860;2;;;;;;;;;;;
 How many children does Eminem has?;https://www.wikidata.org/wiki/Q5608;3;;;;;;;;;;;
 How many children does Eminem have?;https://www.wikidata.org/wiki/Q5608;3;;;;;;;;;;;
 How many children does rapper Eminem have?;https://www.wikidata.org/wiki/Q5608;3;;;;;;;;;;;
 How many kids does Drake have?;https://www.wikidata.org/wiki/Q33240;1;;;;;;;;;;;
 How many kids does Jay-Z have?;https://www.wikidata.org/wiki/Q62766;3;;;;;;;;;;;
 How many members are in Little Big?;https://www.wikidata.org/wiki/Q24261863;4;;;;;;;;;;;
 How many members does Black Pink have?;https://www.wikidata.org/wiki/Q25056945;4;;;;;;;;;;;
 How many members does Maroon 5 have?;https://www.wikidata.org/wiki/Q182223;4;;;;;;;;;;;
 How many members does Nirvana have?;https://www.wikidata.org/wiki/Q11649;4;;;;;;;;;;;
 How many members does Queen have?;https://www.wikidata.org/wiki/Q15862;4;;;;;;;;;;;
 How many record labels does Ed Sheeran have?;https://www.wikidata.org/wiki/Q47447;3;;;;;;;;;;;
 How many songs are on the Frozen soundtrack?;https://www.wikidata.org/wiki/Q15530976;10;;;;;;;;;;;
 How many violins are in a string quartet?;https://www.wikidata.org/wiki/Q207338;2;;;;;;;;;;;
 How old is Maluma?;https://www.wikidata.org/wiki/Q17517186;25;;;;;;;;;;;
 How old was Ella Fitzgerald when she died?;https://www.wikidata.org/wiki/Q1768;79;;;;;;;;;;;
 How old was Michael Jackson when he died?;https://www.wikidata.org/wiki/Q2831;50;;;;;;;;;;;
 How tall is Roger Daltrey?;https://www.wikidata.org/wiki/Q311672;66 inch ;;;;;;;;;;;
 How tall is Talor Swift?;https://www.wikidata.org/wiki/Q26876;178 cm ;;;;;;;;;;;
 In 1990, what award did Nat King Cole win?;https://www.wikidata.org/wiki/Q137042;Grammy Lifetime Achievement Award ;;;;;;;;;;;
 In what band(s) did Micheal Jackson perform?;http://www.wikidata.org/entity/Q2831;The Jackson 5 ;;;;;;;;;;;
 In what city did the band Nirvana form in?;https://www.wikidata.org/wiki/Q11649;Aberdeen ;;;;;;;;;;;
 In what city was Brhams born?;https://www.wikidata.org/wiki/Q7294;Hamburg ;;;;;;;;;;;
 In what city was Bruno Mars born?;https://www.wikidata.org/wiki/Q1450;Honolulu ;;;;;;;;;;;
 In what city was Die Antwoord formed?;https://wikidata.org/wiki/Q23376;Cape Town ;;;;;;;;;;;
 In what city was Queen founded?;https://www.wikidata.org/wiki/Q15862;London ;;;;;;;;;;;
 In what countries is Avril Lavigne a citizen?;https://www.wikidata.org/wiki/Q30449;Canada;France ;;;;;;;;;;
 In what country did heavy metal start?;https://www.wikidata.org/wiki/Q38848;United States of America ;;;;;;;;;;;
 In what country is Defqon.1 Festival?;https://www.wikidata.org/wiki/Q582456;Netherlands ;;;;;;;;;;;
 In what genres does Taylor Swift perform?;https://www.wikidata.org/wiki/Q26876;country music;pop rock ;;;;;;;;;;
 In what manner did the Beatles' manager die?;https://www.wikidata.org/wiki/Q203690;Suicide ;;;;;;;;;;;
 In what poem is Beethoven's Symphony No. 9 based on?;https://www.wikidata.org/wiki/Q11989;Ode to Joy ;;;;;;;;;;;
 In what tonality is Tchaikovsky's Piano Concerto No.1?;https://www.wikidata.org/wiki/Q162935;B-flat minor ;;;;;;;;;;;
 In what year did Dr. Dre start working?;https://www.wikidata.org/wiki/Q6078;1984;;;;;;;;;;;
 In what year did Elvis Presley die?;https://www.wikidata.org/wiki/Q303;1977;;;;;;;;;;;
 In what year did Freddie Mercury pass away?;https://www.wikidata.org/wiki/Q15869;1991;;;;;;;;;;;
 In what year did The Beatles group dissolve?;https://www.wikidata.org/wiki/Q1299;1970;;;;;;;;;;;
 In what year was De Nederlandse Bachvereniging founded?;https://www.wikidata.org/wiki/Q1180197;1921;;;;;;;;;;;
 In what year was the album 'Thriller' by Michael Jackson released?;https://www.wikidata.org/entity/Q2436;1982;;;;;;;;;;;
 In what year was the piano invented?;https://www.wikidata.org/wiki/Q5994;1720;;;;;;;;;;;
" In what year was the song ""Happy Birthday To You"" first published?";https://www.wikidata.org/wiki/Q167545;1935;;;;;;;;;;;
 In which album did Bohemian Rhapsody release?;https://www.wikidata.org/wiki/Q187745;A Night at the Opera ;;;;;;;;;;;
 In which city is Lady Gaga born?;https://m.wikidata.org/wiki/Q11299;Manhattan ;;;;;;;;;;;
 In which city Lindsey Stirling was born?;https://www.wikidata.org/wiki/Q128667;Santa Ana ;;;;;;;;;;;
 In which city was rapper Meek Mill born?;https://www.wikidata.org/wiki/Q1897911;Philadelphia ;;;;;;;;;;;
 In which country did ABBA start?;https://www.wikidata.org/wiki/Q18233;Sweden ;;;;;;;;;;;
 In which country is the Amsterdam dance event held?;https://www.wikidata.org/wiki/Q4748857;Netherlands ;;;;;;;;;;;
 In which country lived Avicii?;https://m.wikidata.org/wiki/Q34;Sweden ;;;;;;;;;;;
 In which country was Michael Jackson born?;https://www.wikidata.org/wiki/Q2831;United States of America ;;;;;;;;;;;
 In which European city was Swedish pop group ABBA formed in 1972?;https://www.wikidata.org/wiki/Q18233;Stockholm ;;;;;;;;;;;
 In which musical genres does Akiko Shikata perform?;https://www.wikidata.org/wiki/Q2462075;J-Pop;ethereal wave ;;;;;;;;;;
 Is deadmau5 only a composer?;https://www.wikidata.org/wiki/Q49009;No ;;;;;;;;;;;
 Is Miley Cyrus the daughter of country singer Billy Ray Cyrus?;https://www.wikidata.org/wiki/Q4235;Yes ;;;;;;;;;;;
 Is Shakira a model?;https://www.wikidata.org/wiki/Q34424;Yes ;;;;;;;;;;;
 Is the founder of the band DIO still alive?;https://www.wikidata.org/wiki/Q185151;No ;;;;;;;;;;;
 London born singer Miss Adkins is better known by what name?;https://www.wikidata.org/wiki/Q23215;Adele ;;;;;;;;;;;
 Name the partners of Madonna;https://www.wikidata.org/wiki/Q1744;Carlos Leon;Brahim Zaibat ;;;;;;;;;;
 Of which progressive rock band is Matthew Bellamy a member?;https://www.wikidata.org/wiki/Q22151;Muse ;;;;;;;;;;;
 On which album of Coldplay was the song Don't Panic published?;https://www.wikidata.org/wiki/Q1772955;Parachutes ;;;;;;;;;;;
 Sean Paul was born in which city?;https://www.wikidata.org/wiki/Q200577;Kingston ;;;;;;;;;;;
 Stewart Copeland was the drummer with which band?;https://www.wikidata.org/wiki/Q315711;The Police ;;;;;;;;;;;
 The band Muse was started in?;https://www.wikidata.org/wiki/Q22151;1994;;;;;;;;;;;
 The Dutch rock band ‘Golden Earring’ consisted of which band members?;https://www.wikidata.org/wiki/Q728049;Rinus Gerritsen;Barry Andrew Hay;George Kooymans;Cesar Zuiderwijk ;;;;;;;;
 'The Getaway' is an album from...?;https://www.wikidata.org/wiki/Q24021025;Red Hot Chili Peppers ;;;;;;;;;;;
 The middle name of James Arthur is?;https://www.wikidata.org/wiki/Q717626;Andrew ;;;;;;;;;;;
 The place of birth of Johann Sebastian Bach was?;https://www.wikidata.org/wiki/Q1339;Eisenach ;;;;;;;;;;;
 The song I Love Rock 'n' Roll was performed by who?;https://www.wikidata.org/wiki/Q56653497;Joan Jett and the Blackhearts ;;;;;;;;;;;
 The song Night Fever released in the year 1978. Who performed this song?;https://www.wikidata.org/wiki/Q2659767;Bee Gees ;;;;;;;;;;;
 Wat is the name of Ariana Grande's pet pig?;https://www.wikidata.org/wiki/Q151892;Piggy Smalls ;;;;;;;;;;;
 What ìnstrument does Slash play?;https://www.wikidata.org/wiki/Q34166;Guitar ;;;;;;;;;;;
 What ìs the residence of Martin Garrix?;https://www.wikidata.org/wiki/Q14544318;Amstelveen ;;;;;;;;;;;
 What album followed ABBA: The Album?;https://www.wikidata.org/wiki/Q832259;Voulez-Vous ;;;;;;;;;;;
 What album is N.Y. State of Mind a part of?;http://www.wikidata.org/entity/Q17061088;Illmatic ;;;;;;;;;;;
 What album is Under the Bridge from?;https://www.wikidata.org/wiki/Q970993;Blood Sugar Sex Magik ;;;;;;;;;;;
 What album was the song Border Reiver by Mark Knopfler part of?;https://www.wikidata.org/wiki/Q16335089;Get Lucky ;;;;;;;;;;;
" What album was Toto's ""Africa"" on?";https://www.wikidata.org/wiki/Q383842;Toto IV ;;;;;;;;;;;
 What are DJ Khaled's occupations?;https://www.wikidata.org/wiki/Q80805;disc jockey;record producer;radio personality;musician;rapper;composer;beatmaker ;;;;;
 What are guitars usually made of?;http://www.wikidata.org/entity/Q6607;Maple;Mahogany ;;;;;;;;;;
 What are Michael Jackson's causes of death?;https://www.wikidata.org/wiki/Q2831;combined drug intoxication;myocardial infarction ;;;;;;;;;;
 What are the albums of Adele?;http://www.wikidata.org/entity/Q57781508;19;21;25;;;;;;;;;
 What are the members of Black Pink?;https://www.wikidata.org/wiki/Q25056945;Jisoo;Rosé;Lalisa Manoban;Jennie Kim ;;;;;;;;
 What are the members of Linkin Park?;https://www.wikidata.org/wiki/Q261;Brad Delson;Joseph Hahn;Mike Shinoda;Chester Bennington;Phoenix;Rob Bourdon;Mark Wakefield ;;;;;
 What are the names of the bands Corey Taylor sings in?;http://www.wikidata.org/entity/Q295120;Slipknot;Stone Sour ;;;;;;;;;;
 What are the names of the children of Kanye West?;https://www.wikidata.org/wiki/Q15935;North West;Saint West;Chicago West ;;;;;;;;;
 What are the parts of a guitar?;http://www.wikidata.org/entity/Q6607;neck;body ;;;;;;;;;;
 What are the record labels of Coldplay?;https://www.wikidata.org/wiki/Q45188;Capitol Records;Atlantic Records ;;;;;;;;;;
 What are the two main parts of a guitar called?;https://www.wikidata.org/wiki/Q6607;Neck;Body ;;;;;;;;;;
 What are the two things the stage name of ACDC is named after?;https://www.wikidata.org/wiki/Q27593;alternating current;direct current ;;;;;;;;;;
 What are Troye Sivan's occupations?;https://www.wikidata.org/wiki/Q1362028;Actor;Singer-songwriter;YouTuber ;;;;;;;;;
 What award did The Weeknd receive in 2016?;https://www.wikidata.org/wiki/Q2121062;Grammy Award for Best Urban Contemporary Album ;;;;;;;;;;;
 What awards did the song 'Can You Feel The Love Tonight' by Elton John win?;http://www.wikidata.org/entity/Q1031911;Academy Award for Best Original Song;Golden Globe Award for Best Original Song ;;;;;;;;;;
 What awards has Ray Charles received?;https://www.wikidata.org/wiki/Q544387;Polar Music Prize;Grammy Lifetime Achievement Award;Library of Congress Living Legend;Ordre des arts et des lettres;Florida Artists Hall of Fame;Kennedy Center Honors;National Medal of Arts ;;;;;
 What awards have De Jeugd van Tegenwoordig received?;https://www.wikidata.org/wiki/Q2177479;Golden Harp;Popprijs ;;;;;;;;;;
 What band did Sting play for?;https://www.wikidata.org/wiki/Q483203;The Police ;;;;;;;;;;;
 What band is Jonny Buckland a member of?;https://www.wikidata.org/wiki/Q822029;Coldplay ;;;;;;;;;;;
 What band is Ozzy Osbourne a member of?;https://www.wikidata.org/wiki/Q133151;Black Sabbath ;;;;;;;;;;;
 What band was Freddie Mercury in?;https://www.wikidata.org/wiki/Q15862;Queen ;;;;;;;;;;;
 What band was Justin Timberlake part of?;http://www.wikidata.org/entity/Q43432;NSYNC ;;;;;;;;;;;
 What band was Madonna the drummer of?;https://www.wikidata.org/wiki/Q1744;Breakfast Club ;;;;;;;;;;;
 What bands did Dave Grohl play in?;https://www.wikidata.org/wiki/Q12006;Nirvana;The Foo Fighters;Them Crooked Vultures ;;;;;;;;;
 What bands does Elena Tonra play in?;https://www.wikidata.org/wiki/Q60713104;Daugther;Ex:Re ;;;;;;;;;;
 What bands has Dave Grohl been a part of?;https://www.wikidata.org/wiki/Q12006;Nirvana;Foo Fighters;Them Crooked Vultures ;;;;;;;;;
 What British rock band is Will Champion the drummer of?;https://www.wikidata.org/entity/Q45188;Coldplay ;;;;;;;;;;;
 What city was the birth place of American singer-songwriter Billy Joel?;https://www.wikidata.org/entity/Q60;New York City ;;;;;;;;;;;
 What city were the Beatles formed in?;https://www.wikidata.org/wiki/Q1299;Liverpool ;;;;;;;;;;;
 What class of instruments does the flute belong to?;https://www.wikidata.org/wiki/Q11405;woodwind instruments ;;;;;;;;;;;
 What classical movement is Bach's music usually attributed to?;https://www.wikidata.org/wiki/Q1339;Baroque music ;;;;;;;;;;;
 What country did indie folk originate from?;http://www.wikidata.org/entity/Q1317816;United States of America;United Kingdom ;;;;;;;;;;
 What country does A-Ha originate from?;https://www.wikidata.org/wiki/Q156305;Norway ;;;;;;;;;;;
 What country is ABBA from?;https://www.wikidata.org/wiki/Q18233;Sweden ;;;;;;;;;;;
 What country is Kraftwerk from?;https://www.wikidata.org/wiki/Q44892;Germany ;;;;;;;;;;;
 What date was Anthony Kiedis born?;https://www.wikidata.org/wiki/Q204751;1-11-1962;;;;;;;;;;;
 What discipline studies music?;https://www.wikidata.org/wiki/Q638;musicology ;;;;;;;;;;;
 What do you call the study of music;https://www.wikidata.org/wiki/Q638;musicology ;;;;;;;;;;;
 What gender is Skrillex?;https://www.wikidata.org/wiki/Q19004;male ;;;;;;;;;;;
 What genre did Bob Marley play?;http://www.wikidata.org/entity/Q409;Reggae ;;;;;;;;;;;
 What genre does Green Day play?;https://www.wikidata.org/wiki/Q47871;pop punk;alternative rock;punk rock;rock music ;;;;;;;;
 What genre does Miles Davis play?;https://www.wikidata.org/wiki/Q93341;Jazz ;;;;;;;;;;;
 What genre does Shaggy mainly perform?;https://www.wikidata.org/wiki/Q310763;reggae ;;;;;;;;;;;
 What genre does The Script play?;https://www.wikidata.org/wiki/Q459585;Pop rock ;;;;;;;;;;;
 What genre is the music of the band Imagine Dragons?;https://www.wikidata.org/wiki/Q391348;Rock ;;;;;;;;;;;
 What genre is the song Baba O'Riley?;https://www.wikidata.org/wiki/Q787812;hard rock ;;;;;;;;;;;
 What genre is Toxicity?;https://www.wikidata.org/wiki/Q45340;alternative metal ;;;;;;;;;;;
 What genre of music did Janis Joplin make?;http://www.wikidata.org/entity/Q1514;psychedelic rock;blues;blues rock;soul music;acid rock;hard rock;contemporary folk music;country music ;;;;
 What genre of music did The Black Eyed Peas make?;https://www.wikidata.org/wiki/Q134541;techno;hip hop music;pop music ;;;;;;;;;
 What genre of music does No Doubt make?;https://www.wikidata.org/wiki/Q43259;rock music ;alternative rock;reggae rock;reggae fusion;ska punk;pop music;post-grunge;punk rock;new wave;pop rock;ska;pop punk 
 What genres do The Foals belong to?;https://www.wikidata.org/wiki/Q728958;indie rock;alternative rock;math rock;art rock;dance-punk;post-rock;experimental rock ;;;;;
 What genres does Toto play?;http://www.wikidata.org/entity/Q207472;Progressive Rock;Pop Rock;Soft Rock;Hard Rock ;;;;;;;;
 What instrument did Larry Adler play?;https://www.wikidata.org/wiki/Q456711;Harmonica ;;;;;;;;;;;
 What instrument does Eric Clapton play?;https://www.wikidata.org/wiki/Q48187;Guitar ;;;;;;;;;;;
 What instrument does Josh Klinghoffer play?;https://www.wikidata.org/wiki/Q219638;Guitar ;;;;;;;;;;;
 What instrument does Kendrick Lamar use?;https://www.wikidata.org/wiki/Q130798;Voice ;;;;;;;;;;;
 What instrument family is the drum a part of?;https://www.wikidata.org/wiki/Q11404;The percussion family ;;;;;;;;;;;
 What instruments could Wolfgang Amadeus Mozart play?;https://www.wikidata.org/wiki/Q254;Organ;Clavichord;Harpsichord;Fortepiano;Violin;Viola;Piano;Pipe Organ ;;;;
 What instruments did Freddie Mercury play?;https://www.wikidata.org/wiki/Q15869;guitar;piano;Hammond organ;keyboard instrument;voice ;;;;;;;
 What instruments does Bob Dylan play?;https://www.wikidata.org/wiki/Q392;guitar;harmonica;piano ;;;;;;;;;
 What is 50 cents's birth name?;https://www.wikidata.org/wiki/Q6060;Curtis James Jackson III ;;;;;;;;;;;
 What is Ariana Grande's voice type?;https://www.wikidata.org/wiki/Q151892;soprano leggero ;;;;;;;;;;;
 What is Avicii's real name?;http://www.wikidata.org/entity/Q505476;Tim Bergling ;;;;;;;;;;;
 What is Bruno Mars' music genre?;https://www.wikidata.org/wiki/Q1450;"contemporary R&amp;B ";;;;;;;;;;;
 What is Cher's birth name?;https://www.wikidata.org/wiki/Q12003;Cherilyn Sarkisian ;;;;;;;;;;;
 What is drum and bass a subgenre of?;https://www.wikidata.org/wiki/Q188994;electronic music;electronic dance music ;;;;;;;;;;
 What is Elvis Presley's signature look?;https://www.wikidata.org/wiki/Q303;jumpsuit;sideburns ;;;;;;;;;;
 What is Eminem's nickname?;http://www.wikidata.org/entity/Q5608;Slim Shady;Em;M and M;Eminem ;;;;;;;;
 What is Eminems real name?;https://www.wikidata.org/wiki/Q5608;Marshall Matters ;;;;;;;;;;;
 What is Katy Perry's full birth name?;https://www.wikidata.org/wiki/Q42493;Katheryn Elizabeth Hudson ;;;;;;;;;;;
 What is Kendrick Lamar's family name?;https://www.wikidata.org/wiki/Q130798;Duckworth ;;;;;;;;;;;
 What is Lady Gaga's real name?;https://www.wikidata.org/wiki/Q19848;Stefani Joanne Angelina Germanotta ;;;;;;;;;;;
 What is Lee Towers' music genre?;http://www.wikidata.org/wiki/Q1812015;pop music ;;;;;;;;;;;
 What is Lee Towers' profession?;http://www.wikidata.org/wiki/Q1812015;singer ;;;;;;;;;;;
 What is Lil Pump's real name?;https://www.wikidata.org/wiki/Q38002101;Gazzy Garcia ;;;;;;;;;;;
 What is Linkin Park's official website?;http://www.wikidata.org/entity/Q261;https://linkinpark.com/ ;;;;;;;;;;;
 What is Madonna's birth name?;https://www.wikidata.org/wiki/Q1744;Madonna Louise Ciccone ;;;;;;;;;;;
 What is MF DOOM's given name?;https://www.wikidata.org/wiki/Q304675;Daniel ;;;;;;;;;;;
 What is Michael Jackson's birth name?;https://www.wikidata.org/wiki/Q2831;Michael Joseph Jackson (English) ;;;;;;;;;;;
 What is Mozart's birth name?;https://www.wikidata.org/wiki/Q254;Johannes Chrysostomus Wolfgangus Theophilus Mozart ;;;;;;;;;;;
 What is pop music based on?;https://www.wikidata.org/wiki/Q37073;rock-'n-roll ;;;;;;;;;;;
 What is Snoop Dogg's birth name?;https://www.wikidata.org/wiki/Q6096;Calvin Cordozar Broadus Jr. ;;;;;;;;;;;
 What is Stevie Wonder's medical condition?;https://www.wikidata.org/wiki/Q714;blindness ;;;;;;;;;;;
 What is Sting his real name?;https://www.wikidata.org/wiki/Q483203;Gordon Matthew Thomas Sumner ;;;;;;;;;;;
 What is the artist Prince's real name?;https://www.wikidata.org/wiki/Q7542;Prince Rogers Nelson ;;;;;;;;;;;
 What is the better known stage name of Robyn Fenty?;https://www.wikidata.org/wiki/Q36844;Rihanna ;;;;;;;;;;;
 What is the birth name of Dave Grohl?;https://www.wikidata.org/wiki/Q12006;David Eric Grohl ;;;;;;;;;;;
 What is the birth name of Dio;https://www.wikidata.org/wiki/Q2794881;Diorno Dylyano Braaf ;;;;;;;;;;;
 What is the birth name of Eminem?;https://www.wikidata.org/wiki/Q5608;Marshall Bruce Mathers III ;;;;;;;;;;;
 What is the birth name of rapper Pitbull?;https://www.wikidata.org/wiki/Q187844;Armando Christian Pérez ;;;;;;;;;;;
 What is the birth name of Slim Shady?;https://www.wikidata.org/wiki/Q5608;Marshall Bruce Mathers III  ;;;;;;;;;;;
 What is the birth name of the singer Sting?;https://www.wikidata.org/wiki/Q483203;Gordon Matthew Thomas Sumner ;;;;;;;;;;;
 What is the birthname of B.B. King?;https://www.wikidata.org/wiki/Q188969;Riley Ben King ;;;;;;;;;;;
 What is the birthname of Freddie Mercury?;https://www.wikidata.org/wiki/Q15869;Farrokh Bulsara ;;;;;;;;;;;
 What is the birthname of Paco de Lucía?;http://www.wikidata.org/entity/Q153300;Francisco Sánchez Gómez ;;;;;;;;;;;
 What is the birthplace of Robby Williams?;https://m.wikidata.org/wiki/Q134902;Stoke-On-Trent ;;;;;;;;;;;
 What is the cause of Michael Jackson's death?;https://www.wikidata.org/wiki/Q2831;combined drug intoxication;myocardial infarction ;;;;;;;;;;
 What is the country of origin for Techno;https://www.wikidata.org/wiki/Q170611;United States of America ;;;;;;;;;;;
 What is the country of origin of BTS;https://www.wikidata.org/wiki/Q13580495;South Korea ;;;;;;;;;;;
 What is the country of origin of the band ABBA;https://www.wikidata.org/wiki/Q18233;Sweden ;;;;;;;;;;;
 What is the country of origin of The Beatles?;https://www.wikidata.org/wiki/Q1299;United Kingdom ;;;;;;;;;;;
 What is the country of origin of The Rolling Stones?;https://www.wikidata.org/wiki/Q11036;United Kingdom ;;;;;;;;;;;
 What is the ethnic group of John Mayer?;https://www.wikidata.org/wiki/Q215215;White American ;;;;;;;;;;;
 What is the first song from Images and Words?;https://www.wikidata.org/wiki/Q643906;Pull Me Under ;;;;;;;;;;;
 What is the full name of Elvis Presley?;http://www.wikidata.org/wiki/Q303;Elvis Aaron Presley ;;;;;;;;;;;
 What is the gender of Conchita Wurst?;https://www.wikidata.org/wiki/Q113581;Male ;;;;;;;;;;;
 What is the gender of Michael Jackson?;http://www.wikidata.org/wiki/Q2831;male ;;;;;;;;;;;
 What is the genre of BTS?;hhttps://www.wikidata.org/wiki/Q13580495;K-pop ;;;;;;;;;;;
 What is the genre of Dio's music?;hhttps://www.wikidata.org/wiki/Q2794881;hip hop music ;;;;;;;;;;;
 What is the genre of Joris Voorn his music?;https://www.wikidata.org/wiki/Q1704007;Techno ;;;;;;;;;;;
 What is the genre of Nuthin’ but a ‘G’ Thang?;http://www.wikidata.org/entity/Q1933481;Illmatic ;;;;;;;;;;;
 What is the genre of Passenger?;https://www.wikidata.org/wiki/Q653086;contemporary folk music ;;;;;;;;;;;
 What is the genre of the music of Miles Davis?;http://www.wikidata.org/entity/Q93341;Jazz ;;;;;;;;;;;
 What is the genre Rihanna plays in?;https://www.wikidata.org/wiki/Q36844;Pop music;Rhythm and blues;Reggae;Hip hop music;Electronic dance music ;;;;;;;
 What is the hair color of Ed Sheeran?;https://www.wikidata.org/wiki/Q47447;red hair ;;;;;;;;;;;
 What is the highest note on a piano?;https://www.wikidata.org/wiki/Q5994;Eighth octave C ;;;;;;;;;;;
 What is the home country of Within Temptation band?;https://www.wikidata.org/wiki/Q57138;Netherlands ;;;;;;;;;;;
 What is the lowest note of a piano?;https://www.wikidata.org/wiki/Q5994;A ;;;;;;;;;;;
 What is the main subject of the song Hotel California by The Eagles?;https://www.wikidata.org/wiki/Q780394;drug ;;;;;;;;;;;
 What is the music genre of Bob Marley?;https://www.wikidata.org/wiki/Q409;reggae ;;;;;;;;;;;
 What is the nickname of Bruce Springsteen?;https://www.wikidata.org/wiki/Q1225;The Boss ;;;;;;;;;;;
 What is the occupation of Larnell Lewis?;http://www.wikidata.org/entity/Q62168380;Drummer ;;;;;;;;;;;
 What is the occupation of Stef Bos?;https://www.wikidata.org/wiki/Q547669;Singer;Translator;Actor ;;;;;;;;;
 What is the place of birth of Madonna?;https://www.wikidata.org/wiki/Q1744;Bay City ;;;;;;;;;;;
 What is the real gender of Lady Gaga;https://www.wikidata.org/wiki/Q19848;Female ;;;;;;;;;;;
 What is the real name of Eminem?;https://www.wikidata.org/wiki/Q5608;Marshall Bruce Mathers III ;;;;;;;;;;;
 What is the real name of G-Eazy?;https://www.wikidata.org/wiki/Q5511893;Gerald Earl ;;;;;;;;;;;
 What is the real name of rapper Yes-R?;http://www.wikidata.org/entity/Q1398870;Yesser Roshdy ;;;;;;;;;;;
 What is the real name of the bassist Flea?;https://www.wikidata.org/wiki/Q202859;Michael Peter Balzary ;;;;;;;;;;;
 What is the real name of U2 member The Edge?;https://www.wikidata.org/wiki/Q714845;David Howell Evans ;;;;;;;;;;;
 What is the record label of BTS?;https://www.wikidata.org/wiki/Q13580495;Big Hit Entertainment ;;;;;;;;;;;
 What is the study of music called?;https://www.wikidata.org/wiki/Q208365;Ethnomusicology ;;;;;;;;;;;
 What is the study of music called?;https://www.wikidata.org/wiki/Q638;musicology ;;;;;;;;;;;
 What is the superclass for classical guitar?;http://www.wikidata.org/entity/Q719120;guitar ;;;;;;;;;;;
 What is the title of the theme song of The Lion King;https://www.wikidata.org/wiki/Q36479;Circle of Life ;;;;;;;;;;;
 What is the website of BLØF?;https://www.wikidata.org/wiki/Q887154;http://www.blof.nl/ ;;;;;;;;;;;
 What is the website of Mumford and Sons ?;https://www.wikidata.org/wiki/Q953918;http://mumfordandsons.com/ ;;;;;;;;;;;
 What killed Mozart?;https://www.wikidata.org/wiki/Q254;Streptococcal pharyngitis ;;;;;;;;;;;
 What kind of an instrument is a cajon?;https://www.wikidata.org/wiki/Q748455;Percussion instrument ;;;;;;;;;;;
 What kind of band is GreenDay;https://www.wikidata.org/wiki/Q47871;American punk rock band ;;;;;;;;;;;
 What kind of group is Linkin Park?;https://www.wikidata.org/wiki/Q261;Rock band ;;;;;;;;;;;
 What kind of music do System of a Down play?;https://www.wikidata.org/wiki/Q45165;nu metal;alternative metal;heavy metal;hard rock ;;;;;;;;
 What kind of music does Felix Jaehn produce?;https://www.wikidata.org/wiki/Q18943660;deep house;tropical house;electronic dance music ;;;;;;;;;
 What kind of person practises music with the violin?;https://www.wikidata.org/wiki/Q8355;Violinist ;;;;;;;;;;;
 What label were the Beatles registred with?;https://www.wikidata.org/wiki/Q1299;Apple Records ;;;;;;;;;;;
 What language does Eric Clapton speak?;https://www.wikidata.org/wiki/Q48187;English ;;;;;;;;;;;
 What language does Kelly Clarkson speak?;https://www.wikidata.org/wiki/Q483507;English ;;;;;;;;;;;
 What languages does Justin Bieber speak;https://www.wikidata.org/wiki/Q34086;English ;;;;;;;;;;;
 What materials are a guitar made of?;https://www.wikidata.org/wiki/Q6607;maple;mahogany ;;;;;;;;;;
 What movement was Mozart a part of?;http://www.wikidata.org/entity/Q254;Classical period ;;;;;;;;;;;
 What music did Bob Marley make?;https://m.wikidata.org/wiki/Q9794;reggae ;;;;;;;;;;;
 What music genre is the band Pixies usually associated with?;https://www.wikidata.org/wiki/Q188464;Alternative Rock ;;;;;;;;;;;
 What music recording sales certifications were established by the recording industry association of america?;https://www.wikidata.org/wiki/Q241365;gold record;platinum record;silver record;diamond record ;;;;;;;;
 What musical genres did Thelonious Monk perform?;https://www.wikidata.org/wiki/Q109612;jazz;bebop;hard bop;stride;cool jazz ;;;;;;;
 What name was The Weeknd given at birth?;https://www.wikidata.org/wiki/Q2121062;Abel Makkonen Tesfaye ;;;;;;;;;;;
 What occupations does Dave Grohl have?;https://www.wikidata.org/wiki/Q12006;guitarist;film director;singer-songwriter;drummer;singer ;;;;;;;
 What partners has Ariana Grande had?;https://www.wikidata.org/wiki/Q151892;Pete Davidson;Mac Miller;Big Sean;Nathan Sykes ;;;;;;;;
 What record label produced Iggy Pop’s The Passenger?;https://www.wikidata.org/wiki/Q2298336;RCA Records ;;;;;;;;;;;
 What record label produced The College Dropout?;http://www.wikidata.org/entity/Q747526;Roc-A-Fella Records ;;;;;;;;;;;
 What record label published Creep?;https://www.wikidata.org/wiki/Q863433;Parlophone;EMI ;;;;;;;;;;
 What record labels was Johnny Cash part of?;https://www.wikidata.org/wiki/Q42775;Sun Records;Charly Records;Columbia Records;American Recordings ;;;;;;;;
 What record lables has Katy Perry been signed to?;https://www.wikidata.org/wiki/Q42493;Pamplin Music;The Island Def Jam Music Group;Columbia Records;Capitol Records;Island Records ;;;;;;;
 What roles did Freddie Mercury have in the band Queen?;https://www.wikidata.org/wiki/Q15869;Lead Vocalist;Songwriter ;;;;;;;;;;
 What single did Wheatus publish after Teenage Dirtbag?;https://www.wikidata.org/wiki/Q1610610;A Little Respect ;;;;;;;;;;;
 What song did Beyonce release after single ladies?;https://www.wikidata.org/wiki/Q147409;If I Were a Boy ;;;;;;;;;;;
 What song did Skrillex release after Bangarang?;https://www.wikidata.org/wiki/Q806469;Make It Bun Dem ;;;;;;;;;;;
 What subclass of instruments is a violin in?;http://www.wikidata.org/entity/Q8355;Necked box lutes with a bow ;;;;;;;;;;;
 What tempo does Drum and Bass music typically have?;https://www.wikidata.org/wiki/Q188994;170±10 ;;;;;;;;;;;
 What type of instrument does a drum kit belong to;https://www.wikidata.org/wiki/Q128309;percussion insstrument ;;;;;;;;;;;
 What type of musical instrument is a Roland TR-808?;https://www.wikidata.org/wiki/Q1414221;drum machine ;;;;;;;;;;;
 What university did Armin van Buren attend?;https://www.wikidata.org/wiki/Q62617;Leiden University ;;;;;;;;;;;
 What voice type does Robbie Williams have?;http://www.wikidata.org/entity/Q47875;Tenor ;;;;;;;;;;;
 What was Avicii's birth name?;https://www.wikidata.org/wiki/Q505476;Tim Bergling ;;;;;;;;;;;
 What was Avicii's real name?;https://www.wikidata.org/wiki/Q505476;Tim Bergling ;;;;;;;;;;;
 What was David Bowie’s voice type?;https://www.wikidata.org/wiki/Q5383;Baritone ;;;;;;;;;;;
 What was de spouse of Andre Hazes?;https://www.wikidata.org/wiki/Q519588;Rachel Hazes ;;;;;;;;;;;
 What was freddie mercury's birth name?;https://www.wikidata.org/wiki/Q15869;Farrokh Bulsara ;;;;;;;;;;;
 What was Lang Lang’s instrument?;https://www.wikidata.org/wiki/Q155713;Piano ;;;;;;;;;;;
 What was Stevie Wonder's birth name?;https://www.wikidata.org/wiki/Q714;Stevland Hardaway Judkins ;;;;;;;;;;;
 What was the band AC/DC named after?;https://www.wikidata.org/wiki/Q27593;alternating voltage;direct current ;;;;;;;;;;
 What was the cause of Amy Winehouse's death?;https://www.wikidata.org/wiki/Q15897;drug overdose ;;;;;;;;;;;
 What was the cause of death of Mozart?;https://www.wikidata.org/wiki/Q254;Streptococcal Pharyngitis ;;;;;;;;;;;
 What was the cause of Mozart's death?;https://www.wikidata.org/wiki/Q254;streptococcal pharyngitis ;;;;;;;;;;;
 What was the cause of Otis Redding's death?;https://www.wikidata.org/wiki/Q217839;Aviation accident ;;;;;;;;;;;
 What was the cause of the composer Tchaikovsky's death?;https://www.wikidata.org/wiki/Q7315;cholera ;;;;;;;;;;;
 What was the founding year of the Dutch rock band Kensington?;https://www.wikidata.org/wiki/Q2778701;2005;;;;;;;;;;;
 What was the most best selling album to date?;https://www.wikidata.org/wiki/Q44320;Thriller ;;;;;;;;;;;
 What was the most streamed song to date?;https://www.wikidata.org/wiki/Q59162147;Shape of You ;;;;;;;;;;;
 What was the name of The Beatles' first album?;https://www.wikidata.org/wiki/Q58885267;Please Please Me ;;;;;;;;;;;
 What was the name of the first concert ever held?;https://www.wikidata.org/wiki/Q6907707;Moondog Coronation Ball ;;;;;;;;;;;
 What was the year of inception of the band Gorillaz?;https://www.wikidata.org/wiki/Q189991;1998;;;;;;;;;;;
 What were Mozart's first names?;http://www.wikidata.org/entity/Q2589157;Wolfgang;Amadeus;Theophilus;Johannes;Chrysostom ;;;;;;;
 What were the members of Destiny's Child?;http://www.wikidata.org/entity/Q153056;LeToya Luckett;Beyoncé;Kelly Rowland;Michelle Williams;LaTavia Roberson;Farrah Franklin ;;;;;;
 What were the music genres played by The Doors?;https://www.wikidata.org/wiki/Q45354;Psychedelic Rock;Blues Rock ;;;;;;;;;;
 What were the nicknames of Michael Jackson?;https://www.wikidata.org/wiki/Q2831;the King of Pop;Bambi ;;;;;;;;;;
 What year was Dream theater founded?;https://www.wikidata.org/wiki/Q162586;1985;;;;;;;;;;;
 What year was the band Led Zeppelin formed?;https://www.wikidata.org/wiki/Q2331;1968;;;;;;;;;;;
 What year was the 'blues' genre established?;https://www.wikidata.org/wiki/Q9759;1890;;;;;;;;;;;
 What year was the song '1999' by Prince published?;http://www.wikidata.org/entity/Q208837;1982;;;;;;;;;;;
 What's the name of the husband of Whitney Houston?;http://www.wikidata.org/entity/Q34389;Bobby Brown ;;;;;;;;;;;
 What's the real name of Lady Gaga?;https://www.wikidata.org/wiki/Q19848;Stefani Germanotta ;;;;;;;;;;;
 When did ABBA stop?;https://www.wikidata.org/wiki/Q18233;1982;;;;;;;;;;;
 When did Beyonce start her career?;https://www.wikidata.org/wiki/Q36153;1997;;;;;;;;;;;
 When did Chester Bennington die?;https://www.wikidata.org/wiki/Q19198;20-7-2017;;;;;;;;;;;
 When did David Bowie die?;https://www.wikidata.org/wiki/Q5383;10-1-2016;;;;;;;;;;;
 When did Elvis Presley die?;https://www.wikidata.org/wiki/Q303;16-8-1977;;;;;;;;;;;
 When did Freddie Mercury die?;https://www.wikidata.org/wiki/Q15869;24-11-1991;;;;;;;;;;;
 When did Leslie Cheung die?;https://www.wikidata.org/wiki/Q313596;1-4-2003;;;;;;;;;;;
 When did Mac Miller pass away?;https://www.wikidata.org/wiki/Q324726;7-9-2018;;;;;;;;;;;
 When did Michael Jackson die?;https://www.wikidata.org/wiki/Q2831;29-8-1958;;;;;;;;;;;
 When did Michael Jackson start working on his music career?;https://www.wikidata.org/wiki/Q2831;1964;;;;;;;;;;;
 When did Muse form?;https://www.wikidata.org/wiki/Q22151;1994;;;;;;;;;;;
 When did Notorious B.I.G die?;https://www.wikidata.org/wiki/Q179157;9-3-1997;;;;;;;;;;;
" When did Oasis release the single ""Don't look back in anger""?";https://www.wikidata.org/wiki/Q1070349;19-2-1996;;;;;;;;;;;
 When did rock start?;http://www.wikidata.org/entity/Q11399;1950s ;;;;;;;;;;;
 When did Spinnin' Records started?;https://www.wikidata.org/wiki/Q2310883;1999;;;;;;;;;;;
 When did Symphony X release The Odyssey?;https://www.wikidata.org/wiki/Q917111;2002;;;;;;;;;;;
 When did the Beatles break up?;https://www.wikidata.org/wiki/Q1299;10-4-1970;;;;;;;;;;;
 When did The Beatles split up?;https://www.wikidata.org/wiki/Q1299;10-4-1970;;;;;;;;;;;
 When did The Beatles stop performing?;https://www.wikidata.org/wiki/Q1299;1970;;;;;;;;;;;
 When did the Foo Fighters start?;https://www.wikidata.org/wiki/Q483718;1994;;;;;;;;;;;
 When did the Jonas Brothers quit?;https://www.wikidata.org/wiki/Q134233;2013;;;;;;;;;;;
 When did the live aid benefit concert take place?;https://www.wikidata.org/wiki/Q193740;1985;;;;;;;;;;;
 When did Tupac die?;https://www.wikidata.org/wiki/Q6107;13-9-1996;;;;;;;;;;;
 When did Tupac Shakur die?;http://www.wikidata.org/entity/Q6107;13-9-1996;;;;;;;;;;;
 When did Tupac Shakur died?;https://www.wikidata.org/wiki/Q6107;13-9-1996;;;;;;;;;;;
 When did Tyga start to play music?;https://www.wikidata.org/wiki/Q358087;2007;;;;;;;;;;;
 When did Whitney Houston die?;http://www.wikidata.org/entity/Q34389;11-2-2012;;;;;;;;;;;
 When was ABBA's inception?;https://www.wikidata.org/wiki/Q18233;1972;;;;;;;;;;;
 When was Anouk born?;http://www.wikidata.org/entity/Q46087;8-4-1975;;;;;;;;;;;
 When was Beyoncé born?;https://www.wikidata.org/wiki/Q36153;4-9-1981;;;;;;;;;;;
" When was Beyonce's ""I am... Sasha Fierce"" album released?";https://www.wikidata.org/wiki/Q147006;12-11-2008;;;;;;;;;;;
 When was Def Jam founded?;https://www.wikidata.org/wiki/Q654283;1984;;;;;;;;;;;
 When was Donnie born?;http://www.wikidata.org/entity/Q27187778;1994;;;;;;;;;;;
 When was Frank Sinatra born?;https://www.wikidata.org/wiki/Q40912;12-12-1915;;;;;;;;;;;
 When was Frans Bauer born?;https://www.wikidata.org/wiki/Q607838;30-12-1973;;;;;;;;;;;
 When was Graduation by Kanye West released?;http://www.wikidata.org/entity/Q33240;5-9-2007;;;;;;;;;;;
 When was Hans Zimmer born?;https://www.wikidata.org/wiki/Q76364;12-9-1957;;;;;;;;;;;
 When was hardstyle founded?;http://www.wikidata.org/wiki/Q223840;1998;;;;;;;;;;;
 When was Het Dorp by Wim Sonneveld released?;https://www.wikidata.org/wiki/Q2205964;18-5-1974;;;;;;;;;;;
 When was jazz introduced?;https://www.wikidata.org/wiki/Q8341;1900s ;;;;;;;;;;;
 When was Jimi Hendrix born?;https://www.wikidata.org/wiki/Q5928;27-11-1942;;;;;;;;;;;
 When was John Williams born?;http://www.wikidata.org/entity/Q131285;8-2-1932;;;;;;;;;;;
 When was Killing in the Name released?;https://www.wikidata.org/wiki/Q1129215;1-11-1992;;;;;;;;;;;
 When was Klaus Wunderlich born?;https://www.wikidata.org/wiki/Q657139;18-6-1931;;;;;;;;;;;
 When was Kurt Cobain born?;https://www.wikidata.org/wiki/Q8446;20-2-1967;;;;;;;;;;;
 When was Leonard Cohen born?;http://www.wikidata.org/entity/Q1276;21-9-1934;;;;;;;;;;;
 When was Lil' Kleine born?;https://www.wikidata.org/wiki/Q20895739;15-10-1994;;;;;;;;;;;
 When was Lovley day by Bill Whiters released?;https://www.wikidata.org/wiki/Q6692274;16-12-1977;;;;;;;;;;;
 When was Michael Jackson born?;https://www.wikidata.org/wiki/Q2831;29-8-1958;;;;;;;;;;;
 When was Nirvana founded?;https://www.wikidata.org/wiki/Q11649;1987;;;;;;;;;;;
 When was Outkast formed?;http://www.wikidata.org/entity/Q472595;1992;;;;;;;;;;;
 When was Queen formed?;https://www.wikidata.org/wiki/Q15862;1970;;;;;;;;;;;
 When was Red Hot Chili Peppers founded?;https://www.wikidata.org/wiki/Q10708;1983;;;;;;;;;;;
 When was Shakira born?;https://www.wikidata.org/wiki/Q34424;2-2-1977;;;;;;;;;;;
 When was song Amazing Grace released?;https://www.wikidata.org/wiki/Q210211;1970;;;;;;;;;;;
 When was Spotify founded?;https://www.wikidata.org/wiki/Q689141;23-4-2006;;;;;;;;;;;
 When was Stef Ekkel born?;https://www.wikidata.org/wiki/Q2217056;9-8-1980;;;;;;;;;;;
 When was the band GWAR founded?;https://www.wikidata.org/wiki/Q507863;1984;;;;;;;;;;;
 When was the band Slipknot founded?;http://www.wikidata.org/entity/Q254138;1995;;;;;;;;;;;
 When was The Beatles' “White Album” released?;https://www.wikidata.org/wiki/Q3295515;22-11-1968;;;;;;;;;;;
 When was the CD invented?;https://www.wikidata.org/wiki/Q34467;1979;;;;;;;;;;;
 When was the piano invented;https://www.wikidata.org/wiki/Q5994;1720;;;;;;;;;;;
 When was The Red Hot Chili Peppers formed?;https://www.wikidata.org/wiki/Q10708;1983;;;;;;;;;;;
 When was the start of heavy metal?;http://www.wikidata.org/entity/Q38848;1968;;;;;;;;;;;
 When was the studio album 2112 released?;https://www.wikidata.org/wiki/Q204404;1976;;;;;;;;;;;
 When was Thriller by Michael Jackson released?;https://www.wikidata.org/wiki/Q44320;30-10-1982;;;;;;;;;;;
 When was Universal Music founded?;https://www.wikidata.org/wiki/Q38903;1-9-1934;;;;;;;;;;;
 When were The Beatles dissolved?;https://www.wikidata.org/wiki/Q1299;10-4-1970;;;;;;;;;;;
 When were The Black Eyed Peas formed?;https://www.wikidata.org/wiki/Q134541;1995;;;;;;;;;;;
 Where are Red Hot Chili Peppers from?;https://www.wikidata.org/wiki/Q10708;United States of America ;;;;;;;;;;;
 Where are the Backstreet Boys from?;https://www.wikidata.org/wiki/Q17140;United States of America ;;;;;;;;;;;
 Where did Guus Meeuwis educate?;https://www.wikidata.org/wiki/Q1235717;Tilburg University ;;;;;;;;;;;
 Where did James Brown die?;https://www.wikidata.org/wiki/Q5950;Atlanta ;;;;;;;;;;;
 Where did jazz originate?;https://www.wikidata.org/wiki/Q8341;United States of America ;;;;;;;;;;;
 Where did Michael Jackson die?;https://www.wikidata.org/wiki/Q2831;Los Angeles ;;;;;;;;;;;
 Where did Mozart die?;https://www.wikidata.org/wiki/Q254;Vienna ;;;;;;;;;;;
 Where did Mozart first performed The Magic Flute?;https://www.wikidata.org/wiki/Q5064;Theater auf der Wieden ;;;;;;;;;;;
 Where did Panic at the Disco start?;https://www.wikidata.org/wiki/Q277551;Las Vegas ;;;;;;;;;;;
 Where did Plastic Bertrand receive his musical education?;https://www.wikidata.org/wiki/Q558440;Riley Ben King ;;;;;;;;;;;
 Where did the band Queen form?;http://www.wikidata.org/entity/Q15862;London ;;;;;;;;;;;
 Where did The Beatles form their band?;https://www.wikidata.org/wiki/Q1299;Liverpool ;;;;;;;;;;;
 Where did the Beatles form?;https://www.wikidata.org/wiki/Q1299;Liverpool ;;;;;;;;;;;
 Where do the Beatles come from?;http://www.wikidata.org/wiki/Q1299;United Kingdom ;;;;;;;;;;;
 Where does Alan Walker come from?;https://www.wikidata.org/wiki/Q21808729;Norway ;;;;;;;;;;;
 Where does Ch!pz come from?;http://www.wikidata.org/entity/Q200008;Netherlands ;;;;;;;;;;;
 Where does Drake live?;https://www.wikidata.org/wiki/Q33240;Hidden Hills ;;;;;;;;;;;
 Where does Kanye West live?;https://www.wikidata.org/wiki/Q15935;United States of America ;;;;;;;;;;;
 Where does K-pop come from?;http://www.wikidata.org/entity/Q213665;South Korea ;;;;;;;;;;;
 Where does Rammstein come from?;https://www.wikidata.org/wiki/Q25177;Germany ;;;;;;;;;;;
 Where does the music genre Jazz originally come from?;https://www.wikidata.org/wiki/Q8341;United States of America ;;;;;;;;;;;
 Where is a baglama from?;https://www.wikidata.org/wiki/Q717773;Turkey ;;;;;;;;;;;
 Where is Alan Walker's full name?;https://www.wikidata.org/wiki/Q21808729;Alan Olav Walker ;;;;;;;;;;;
 Where is Camilo Cabello from?;https://www.wikidata.org/wiki/Q18810940;United States of America ;;;;;;;;;;;
 Where is Dave Grohl from?;https://www.wikidata.org/wiki/Q12006;United states of america ;;;;;;;;;;;
 Where is Ed Sheeran born?;https://www.wikidata.org/wiki/Q47447;Halifax ;;;;;;;;;;;
 Where is Elvis Presley buried?;https://www.wikidata.org/wiki/Q303;Graceland ;;;;;;;;;;;
 Where is Henk Wijngaard born?;https://www.wikidata.org/wiki/Q685768;Stadskanaal ;;;;;;;;;;;
 Where is Ludovico Einaudi from?;https://www.wikidata.org/wiki/Q83182;Italy ;;;;;;;;;;;
 Where is Martin Garrix born?;https://www.wikidata.org/wiki/Q14544318;Amstelveen ;;;;;;;;;;;
 Where is Michael Jackson born?;https://www.wikidata.org/wiki/Q2831;Gary ;;;;;;;;;;;
 Where is Michael Jackson buried?;https://www.wikidata.org/wiki/Q2831;Forest Lawn Memorial Park ;;;;;;;;;;;
 Where is Pink Floyd formated?;https://www.wikidata.org/wiki/Q2306;London ;;;;;;;;;;;
 Where is the band U2 from?;https://www.wikidata.org/wiki/Q396;Ireland ;;;;;;;;;;;
 Where is the band Volbeat originally from?;https://www.wikidata.org/wiki/Q279105;Denmark ;;;;;;;;;;;
 Where is the headquarters of Epic Records?;https://www.wikidata.org/wiki/Q216364;Los Angeles ;;;;;;;;;;;
 Where is the Jazz musician B.B. King born?;https://www.wikidata.org/wiki/Q188969;Berclair ;;;;;;;;;;;
 Where was Adam Young born?;https://www.wikidata.org/wiki/Q2072790;Owatonna ;;;;;;;;;;;
 Where was Armin van Buuren born?;https://www.wikidata.org/wiki/Q62617;Leiden ;;;;;;;;;;;
 Where was Chad Smith born?;https://www.wikidata.org/wiki/Q269500;Saint Paul ;;;;;;;;;;;
 Where was David Bowie born?;https://www.wikidata.org/wiki/Q5383;Brixton ;;;;;;;;;;;
 Where was Drake born?;https://www.wikidata.org/wiki/Q33240;Toronto ;;;;;;;;;;;
 Where was Elvis Presley born?;https://www.wikidata.org/wiki/Q303;Tupelo ;;;;;;;;;;;
 Where was Enrique Iglesias born?;https://www.wikidata.org/wiki/Q47122;Madrid ;;;;;;;;;;;
 Where was Frans Bauer born?;https://www.wikidata.org/wiki/Q607838;Roosendaal ;;;;;;;;;;;
 Where was Freddie Mercury born?;https://www.wikidata.org/wiki/Q15869;Zanzibar City ;;;;;;;;;;;
 Where was Freddie Mercury born?;https://www.wikidata.org/wiki/Q15869;Zanzibar City ;;;;;;;;;;;
 Where was Guns N' Roses formed?;https://www.wikidata.org/wiki/Q11895;Los Angeles ;;;;;;;;;;;
 Where was Italian violinist and composer Niccolò Paganini born?;https://www.wikidata.org/wiki/Q66075;Genoa ;;;;;;;;;;;
 Where was J. S. Bach born?;https://www.wikidata.org/wiki/Q1339;Eisenach ;;;;;;;;;;;
 Where was J.I.D born?;https://www.wikidata.org/wiki/Q29588830;Atlanta ;;;;;;;;;;;
 Where was Jimi Hendrix buried?;https://www.wikidata.org/wiki/Q5928;Greenwood Memorial Park ;;;;;;;;;;;
 Where was Justin Bieber born?;https://www.wikidata.org/wiki/Q34086;London ;;;;;;;;;;;
 Where was Kendrick Lamar born?;http://www.wikidata.org/entity/Q487119;Compton ;;;;;;;;;;;
 Where was Kraantje Pappie Born?;https://www.wikidata.org/wiki/Q13627524;Rozenburg ;;;;;;;;;;;
 Where was Lee Towers born?;http://www.wikidata.org/wiki/Q1812015;Bolnes ;;;;;;;;;;;
 Where was Ludovico Einaudi born?;http://www.wikidata.org/wiki/Q83182;Turin ;;;;;;;;;;;
 Where was Madonna born?;https://www.wikidata.org/wiki/Q1744;Bay City ;;;;;;;;;;;
 Where was the music group NSYNC formed?;https://www.wikidata.org/wiki/Q154454;Orlando, Florida ;;;;;;;;;;;
 Where was the original Woodstock held?;https://www.wikidata.org/wiki/Q164815;Bethel ;;;;;;;;;;;
 Where was The Weeknd born?;https://www.wikidata.org/wiki/Q2121062;Toronto ;;;;;;;;;;;
 Where was was Elvis discovered dead in 1977?;https://www.wikidata.org/wiki/Q303;Graceland ;;;;;;;;;;;
 Where was Wiz Khalifa born?;https://www.wikidata.org/wiki/Q117139;Minot ;;;;;;;;;;;
 Where was Woodstock Festival?;https://www.wikidata.org/wiki/Q164815;Bethel, New York ;;;;;;;;;;;
 Where was Zanger Rinus born?;https://www.wikidata.org/wiki/Q1989104;Drachten ;;;;;;;;;;;
 Where were the Foo fighters formed?;http://www.wikidata.org/entity/Q483718;Seattle ;;;;;;;;;;;
 Which album does Smooth Operator from Sade belong to?;https://wikidata.org/wiki/Q904971;Diamond Life ;;;;;;;;;;;
 Which album of Michael Jackson followed by Off the Wall?;https://m.wikidata.org/wiki/Q625491;One Day In Your Life ;;;;;;;;;;;
" Which American duo released an album entitled ""Bookends""?";https://www.wikidata.org/wiki/Q796762;"Simon &amp; Garfunkel ";;;;;;;;;;;
 Which are the current members of Linkin Park?;https://www.wikidata.org/wiki/Q261;Brad Delson;Joseph Hahn;Mike Shinoda;Phoenix;Rob Bourdon ;;;;;;;
 Which artist performed on the album Trout Mask Replica?;https://www.wikidata.org/wiki/Q194790;Captain Beefheart ;;;;;;;;;;;
 Which award did Christopher Tin receive for Baba Yetu?;https://www.wikidata.org/wiki/Q1087016;Grammy Award for Best Arrangement, Instrumental and Vocals ;;;;;;;;;;;
 Which awards did Dutch rapper Ali B receive?;https://www.wikidata.org/wiki/Q2439541;Neerlands Hoop;Zilveren Harp;Zilveren Televizier-Ster;Popprijs ;;;;;;;;
 Which awards did Pink Floyd receive?;https://www.wikidata.org/wiki/Q2306;Grammy Award for Best Rock Instrumental Performance;Grammy Hall of Fame;Rock and Roll Hall of Fame ;;;;;;;;;
 Which awards did The Black Keys recieve?;https://www.wikidata.org/wiki/Q606226;MTV Video Music Award;Grammy Award;BRIT Awards ;;;;;;;;;
 Which band that John Lennon was a member of influenced Queen?;https://www.wikidata.org/wiki/Q1299;The Beatles ;;;;;;;;;;;
" Which band wrote a song called ""Hey Jude""?";https://www.wikidata.org/wiki/Q607742;The Beatles ;;;;;;;;;;;
 Which bands did Slash play in?;https://www.wikidata.org/wiki/Q34166;Guns N' Roses;Velvet Revolver;Slash's Snakepit;Slash's Blues Ball;Slash featuring Myles Kennedy and The Conspirators ;;;;;;;
 Which bands has Dave Grohl been a part of?;https://www.wikidata.org/wiki/Q12006;Nirvana;Foo Fighters;Them Crooked Vultures ;;;;;;;;;
 Which bands was Dave Grohl in?;https://www.wikidata.org/wiki/Q12006;Nirvana;Foo Fighters;Them Crooked Vultures ;;;;;;;;;
 Which country did jazz originate from?;https://www.wikidata.org/wiki/Q8341;United States of America ;;;;;;;;;;;
 Which country does Snarky Puppy come from?;http://www.wikidata.org/entity/Q7547407;United States of America ;;;;;;;;;;;
 Which country is Queen from?;https://www.wikidata.org/wiki/Q15862;United Kingdom ;;;;;;;;;;;
 Which country pop singer was born 'Eilleen Regina Edwards'?;https://www.wikidata.org/wiki/Q131433;Shania Twain ;;;;;;;;;;;
 Which genre of music does Sabaton play?;https://www.wikidata.org/wiki/Q740159;heavy metal;power metal;thrash metal ;;;;;;;;;
 Which Genre of music originated as rock and roll in the 1950s?;https://www.wikidata.org/wiki/Q11399;Rock music ;;;;;;;;;;;
 Which genre was the song 'Thriller' written by Michael Jackson?;https://www.wikidata.org/wiki/Q380825;funk;pop music ;;;;;;;;;;
 Which genres do Guns 'n Roses play?;https://www.wikidata.org/wiki/Q11895;hard rock;glam metal;traditional heavy metal ;;;;;;;;;
 Which group comprised John Phillips, Denny Doherty, Cass Elliot, and Michelle Phillips?;https://www.wikidata.org/wiki/Q211277;The Mama's and the Papa's ;;;;;;;;;;;
 Which group is Gerard Joling a member of?;https://www.wikidata.org/wiki/Q1372602;De Toppers ;;;;;;;;;;;
 Which guitars did Jimi Hendrix play?;https://www.wikidata.org/wiki/Q5928;Fender Stratocaster;Gibson Flying V ;;;;;;;;;;
 Which instrument does Dutch Prime Minister Mark Rutte play?;https://www.wikidata.org/wiki/Q57792;piano ;;;;;;;;;;;
 Which instrument does Michael Romeo play?;https://www.wikidata.org/wiki/Q446286;guitar ;;;;;;;;;;;
 Which instruments did Amy Winehouse play?;https://www.wikidata.org/wiki/Q15897;guitar;drum kit;voice ;;;;;;;;;
 Which instruments do the 1812 Overture use?;https://www.wikidata.org/wiki/Q212776;orchestra;cannon ;;;;;;;;;;
 Which instruments does James Brown play?;https://www.wikidata.org/wiki/Q5950;guitar;organ;voice ;;;;;;;;;
 Which instruments does Lionel Richie play?;https://www.wikidata.org/wiki/Q26695;Saxophone;Piano;Voice ;;;;;;;;;
 Which languages does ABBA use??;https://www.wikidata.org/wiki/Q18233;English;Spanish ;;;;;;;;;;
 Which languages does Shakira speak?;https://www.wikidata.org/wiki/Q34424;Spanish;English;Italian;Portuguese;French ;;;;;;;
 Which member of The Beatles is the oldest?;https://www.wikidata.org/wiki/Q2632;Ringo Starr ;;;;;;;;;;;
 Which member of the Beatles was the youngest?;https://www.wikidata.org/wiki/Q1299;George Harrison ;;;;;;;;;;;
 Which note is the lowest on a bass guitar?;https://www.wikidata.org/wiki/Q46185;D ;;;;;;;;;;;
 Which parts does a guitar consist of?;https://www.wikidata.org/wiki/Q6607;neck;body ;;;;;;;;;;
 Which record label was associated to the song 'Thriller' by Michael Jackson?;https://www.wikidata.org/wiki/Q380825;Epic Records ;;;;;;;;;;;
 Which record labels has Marco Borsato been signed to?;http://www.wikidata.org/entity/Q429385;Polydor Records;Universal Music Group ;;;;;;;;;;
 Which rock band was formerly known as Hybrid Theory?;https://www.wikidata.org/wiki/Q16181777;Linkin Park;Xero ;;;;;;;;;;
 Which song is the European union's anthem based on?;https://www.wikidata.org/wiki/Q11993;Ode to joy;Symphony No. 9 ;;;;;;;;;;
 Which three record labels did Nirvana have?;https://www.wikidata.org/wiki/Q11649;DGC Records;Geffen Records;Sub Pop ;;;;;;;;;
 Which two men formed Simon and Garfunkel?;https://www.wikidata.org/wiki/Q484918;Paul Simon;Art Garfunkel ;;;;;;;;;;
 Which two rappers formed the group Mobb Deep?;https://www.wikidata.org/wiki/Q727115;Havoc;Prodigy ;;;;;;;;;;
 Which year did Martin Garrix publish Animals?;https://www.wikidata.org/wiki/Q14565308;2013;;;;;;;;;;;
 Who are David Bowie's children?;https://www.wikidata.org/wiki/Q5383;Duncan Jones;Alexandria Zahra Jones ;;;;;;;;;;
 Who are in the Foo Fighters?;https://www.wikidata.org/wiki/Q483718;Dave Grohl;Franz Stahl ;;;;;;;;;;
 Who are Justin Bieber's siblings?;https://www.wikidata.org/wiki/Q34086;Jazmyn Bieber;Jaxon Bieber ;;;;;;;;;;
 Who are Marco Borsato's children?;https://www.wikidata.org/wiki/Q429385;Luca Borsato;Jada Borsato;Senna Borsato ;;;;;;;;;
 Who are members of The Beatles?;https://www.wikidata.org/wiki/Q1299;John Lennon;Ringo Starr;Paul McCartney;George Harrison;Pete Best;Stuart Sutcliffe;Chas Newby;Tommy Moore ;;;;
 Who are the band members of Coldplay?;http://www.wikidata.org/entity/Q45188;Chris Martin;Jonny Buckland;Guy Berryman;Will Champion;Phil Harvey ;;;;;;;
 Who are the current and past members of the Rolling Stones?;https://www.wikidata.org/wiki/Q11036;Mick Jagger;Keith Richards;Charlie Watts;Ronnie Wood;Brian Jones;Mick Taylor;Bill Wyman ;;;;;
 Who are the current members of Dream Theater?;https://www.wikidata.org/wiki/Q162586;John Petrucci;John Myung;James LaBrie;Jordan Rudess;Mike Mangini ;;;;;;;
 Who are the members of American country rock band The Eagles?;https://www.wikidata.org/wiki/Q189635;Glenn Frey;Don Henley;Timothy Bruce Schmit;Joe Walsh;Don Felder;Randy Meisner;Bernie Leadon ;;;;;
 Who are the members of Backstreet Boys?;https://www.wikidata.org/wiki/Q17140;A. J. McLean;Howie Dorough;Nick Carter;Brian Littrell;Kevin Richardson ;;;;;;;
 Who are the members of Beyond?;https://www.wikidata.org/wiki/Q853266;Wong Ka Kui;Wong Ka Keung;Paul Wong;Yip Sai Wing ;;;;;;;;
 Who are the members of BTS?;https://www.wikidata.org/wiki/Q13580495;V;J-Hope;Jin;Jungkook;Suga;RM ;;;;;;
 Who are the members of Daft Punk?;http://www.wikidata.org/entity/Q185828;Thomas Bangalter;Guy-Manuel de Homem-Christo ;;;;;;;;;;
 Who are the members of Europe?;https://www.wikidata.org/wiki/Q185144;Joey Tempest; John Norum;John Leven;Mic Michaeli;Ian Haugland;Kee Marcello;Tony Reno ;;;;;
 Who are the members of Fifth Harmony?;https://www.wikidata.org/wiki/Q18921974;Lauren Jauregui;Ally Brooke;Dinah Jane Hansen;Normani ;;;;;;;;
 Who are the members of Imagine Dragons?;https://www.wikidata.org/wiki/Q391348;Dan Reynolds;Daniel Wayne Sermón;Ben McKee;Daniiel Platzman ;;;;;;;;
 Who are the members of Linkin Park Band?;https://www.wikidata.org/wiki/Q261;Brad Delson;Joseph Hahn;Mike Shinoda;Chester Bennington;Phoenix;Rob Bourdon;Mark Wakefield ;;;;;
 Who are the members of Metallica?;https://www.wikidata.org/wiki/Q15920;Lars Ulrich;Kirk Hammett;Robert Trujillo;James Hetfield ;;;;;;;;
 Who are the members of Muse?;https://www.wikidata.org/wiki/Q22151;Matthew Bellamy;Christopher Wolstenholme;Dominic Howard ;;;;;;;;;
 Who are the members of Queen?;http://www.wikidata.org/entity/Q15862;Freddie Mercury;Brain May;Roger Taylor;John Deacon ;;;;;;;;
 Who are the members of Rammstein?;https://www.wikidata.org/wiki/Q25177;Till Lindemann;Richard Z. Kruspe;Paul Landers;Oliver Riedel;Christoph Schneider;Christian Lorenz ;;;;;;
 Who are the members of Run-D.M.C.?;https://www.wikidata.org/wiki/Q159351;Joseph Simmons;Jam Master Jay;Darryl McDaniels ;;;;;;;;;
 Who are the members of Tenacious D?;https://www.wikidata.org/wiki/Q5608;Jack Black ;Kyle Gass  ;;;;;;;;;;
 Who are the members of the band the Lonely Island?;https://www.wikidata.org/wiki/Q863573;Andy Samberg;Jorma Taccone;Akiva Schaffer ;;;;;;;;;
 Who are the members of The Beatles?;https://www.wikidata.org/wiki/Q1299;John Lennon;Ringo Starr;Paul McCartney;George Harrison;Pete Best;Stuart Sutcliffe;Chas Newby;Tommy Moore ;;;;
 Who are the members of The Blakc Eyed Peas?;https://www.wikidata.org/wiki/Q185610;will.i.am;apl.de.ap;Taboo ;;;;;;;;;
 Who are the members of the Common Linnets??;https://www.wikidata.org/wiki/Q15229258;Ilse DeLange;Waylon ;;;;;;;;;;
 Who are the members of the Eagles?;https://www.wikidata.org/wiki/Q189635;Glenn Frey;Don Henley;;Timothy Bruce Schmit;Joe Walsh;Don Felder;Randy Meisner;Bernie Leadon ;;;;
 Who are the members of the Golden Earring?;https://www.wikidata.org/wiki/Q728049;Rinus Gerritsen;Barry Andrew Hay;George Kooymans;Cesar Zuiderwijk ;;;;;;;;
 Who are the members of The Jackson 5?;https://www.wikidata.org/wiki/Q43267;Tito Jackson;Jackie Jackson;Jermaine Jackson;Marlon Jackson;Michael Jackson ;;;;;;;
 Who are the members of The Red Hot Chili peppers?;https://www.wikidata.org/wiki/Q10708;Flea;John Frusciante;Anthony Kiedis;Chad Smith;Dave Navarro ;;;;;;;
 Who are the members of The Rolling Stones?;http://www.wikidata.org/entity/Q11036;Mick Jagger;Keith Richards;Charlie Watts;Ronnie Wood;Brian Jones;Mick Taylor;Bill Wyman ;;;;;
 Who are the members of Twenty One Pilots?;http://www.wikidata.org/entity/Q7857806;Tyler Joseph;Joshua William Dun ;;;;;;;;;;
 Who are the members of U2?;https://www.wikidata.org/wiki/Q396;Bono;The Edge;Adam Clayton;Larry Mullen Jr. ;;;;;;;;
 Who are the members of Wham!?;https://www.wikidata.org/wiki/Q744087;George Michael;Andrew Ridgeley ;;;;;;;;;;
 Who are the members of Wu-Tang Clan?;http://www.wikidata.org/entity/Q2329709;Pusha T;No Malice ;;;;;;;;;;
 Who are the performers of Uptown Funk?;https://www.wikidata.org/wiki/Q18559542;Mark Ronson;Bruno Mars ;;;;;;;;;;
 Who composed Bohemian Rhapsody?;https://www.wikidata.org/wiki/Q187745;Freddie Mercury ;;;;;;;;;;;
 Who composed Happy Birthday song?;https://www.wikidata.org/wiki/Q167545;Mildred J. Hill;Patty Hill ;;;;;;;;;;
 Who composed the anthem of The Netherlands?;https://www.wikidata.org/wiki/Q131713;Adrianus Valerius ;;;;;;;;;;;
 Who composed the Matthew's Passion?;https://www.wikidata.org/wiki/Q379111;Johann Sebastian Bach ;;;;;;;;;;;
 Who composed the pop song Gangnam Style?;https://www.wikidata.org/wiki/Q890;Psy;Yoo Gun Hyung ;;;;;;;;;;
" Who composed the song known as Peru's second national anthem, ""La Flor de la Canela""?";https://www.wikidata.org/wiki/Q5966717;Chabuca Granda ;;;;;;;;;;;
 Who composed the theme music for Game of Thrones?;https://www.wikidata.org/wiki/Q27813929;Ramin Djawadi ;;;;;;;;;;;
 Who composed the three Gymnopedies in 1888?;https://www.wikidata.org/wiki/Q1190965;Erik Satie ;;;;;;;;;;;
 Who created Bohimian Rapsody?;https://www.wikidata.org/wiki/Q15862;Queen ;;;;;;;;;;;
 Who created the album Blood Sugar Sex Magik?;http://www.wikidata.org/entity/Q329396;Red Hot Chili Peppers ;;;;;;;;;;;
 Who created the band Owl City?;https://www.wikidata.org/wiki/Q207938;Adam Young ;;;;;;;;;;;
 Who created the Star Wars theme?;https://www.wikidata.org/wiki/Q131285;John Williams ;;;;;;;;;;;
 Who founded Florence + the Machine?;https://www.wikidata.org/wiki/Q217360;Florence Welch;Isabella Summers ;;;;;;;;;;
 Who founded Metallica?;https://www.wikidata.org/wiki/Q15920;James Hetfield;Lars Ulrich ;;;;;;;;;;
 Who had the 1965 instrumental hit Spanish Flea?;https://www.wikidata.org/wiki/Q2306834;Herb Alpert  ;;;;;;;;;;;
 Who has founded Epic Records?;https://www.wikidata.org/wiki/Q216364;Columbia Records ;;;;;;;;;;;
 Who hosted the british telivision programme top of the pops between 1964 and 2006?;https://www.wikidata.org/wiki/Q930414;Jimmy Savile ;;;;;;;;;;;
 Who influenced AC/DC;https://www.wikidata.org/wiki/Q27593;Airbourne ;;;;;;;;;;;
 Who influenced Queen?;https://www.wikidata.org/wiki/Q15862;The Beatles;The Who;Jimi Hendrix;Cream ;;;;;;;;
 Who invented music?;https://www.wikidata.org/wiki/Q192238;Guido of Arezzo ;;;;;;;;;;;
 Who invented the phonograph?;https://www.wikidata.org/wiki/Q116434;Thomas alva edison ;;;;;;;;;;;
 Who invented the piano?;https://www.wikidata.org/wiki/Q5994;Bartolomeo Cristofori ;;;;;;;;;;;
 Who is a famous violinst and dancer that posts videos on YouTube?;https://www.wikidata.org/wiki/Q128667;Lindsey Stirling ;;;;;;;;;;;
 Who is AC/DC's longest lasting band member?;https://www.wikidata.org/wiki/Q27593;Angus Young ;;;;;;;;;;;
 Who is Beyoncé’s spouse?;https://m.wikidata.org/wiki/Q62766;Jay-Z ;;;;;;;;;;;
 Who is Justin Bieber married to?;Q34086;Hailey Baldwin ;;;;;;;;;;;
 Who is Kanye West married to?;https://www.wikidata.org/wiki/Q15935;Kim Kardashian ;;;;;;;;;;;
 Who is Kanye West's wife?;https://www.wikidata.org/wiki/Q15935;Kim Kardashian ;;;;;;;;;;;
 Who is Michael Jacksons father?;https://www.wikidata.org/wiki/Q2831;Joe Jackson ;;;;;;;;;;;
 Who is the architect of the ROck and Roll Hall of Fame?;https://www.wikidata.org/wiki/Q179191;I. M. Pei ;;;;;;;;;;;
 Who is the artist of Bohemian Rhapsody?;https://www.wikidata.org/wiki/Q187745;Queen ;;;;;;;;;;;
 Who is the artist of Zoutelande?;http://www.wikidata.org/wiki/Q47546550;BLØF ;;;;;;;;;;;
 Who is the composer of the musical “the Phantom of the Opera”?;https://www.wikidata.org/wiki/Q382353;Andrew Lloyd Webber ;;;;;;;;;;;
 Who is the creator of the Grammy Award?;https://www.wikidata.org/wiki/Q41254;National Academy of Recording Arts and Sciences ;;;;;;;;;;;
 Who is the drummer of Metallica band?;https://www.wikidata.org/wiki/Q106193;Lars Ulrich ;;;;;;;;;;;
 Who is the drummer of the Red Hot Chili Peppers?;http://www.wikidata.org/entity/Q10708;Chad Smith ;;;;;;;;;;;
 Who is the father of Miley Cyrus?;https://www.wikidata.org/wiki/Q4235;Billy Ray Cyrus ;;;;;;;;;;;
 Who is the inventor of the Saxophone;https://www.wikidata.org/wiki/Q9798;Adolphe Sax ;;;;;;;;;;;
 Who is the lead guitarist of AC/DC?;http://www.wikidata.org/entity/Q27593;Angus Young ;;;;;;;;;;;
 Who is the lead singer of Green Day?;https://www.wikidata.org/wiki/Q47871;Billie Joe Armstrong ;;;;;;;;;;;
 Who is the leadsinger of Nirvana?;https://www.wikidata.org/wiki/Q11649;Kurt Kobain ;;;;;;;;;;;
 Who is the oldest in Mamamoo?;https://www.wikidata.org/wiki/Q19483969;Solar ;;;;;;;;;;;
 Who is the performer of the Boombastic album?;https://www.wikidata.org/wiki/Q1402494;Shaggy ;;;;;;;;;;;
 Who is the performer of the Innervisions album?;https://www.wikidata.org/wiki/Q1049169;Stevie Wonder ;;;;;;;;;;;
 Who is the performer of the song 'Fireflies'?;https://www.wikidata.org/wiki/Q1165917;Owl City ;;;;;;;;;;;
 Who is the rapper of 4 Your Eyez Only?;http://www.wikidata.org/entity/Q27981679;J. Cole ;;;;;;;;;;;
 Who is the singer of Red Hot Chili Peppers;https://www.wikidata.org/wiki/Q10708;Anthony Kiedis ;;;;;;;;;;;
 Who is the spouse of Kanye West?;https://www.wikidata.org/wiki/Q15935;Kim Kardashian ;;;;;;;;;;;
 Who joined AC/DC in the 90s?;https://www.wikidata.org/wiki/Q27593;Phil Rudd;Chris Slade ;;;;;;;;;;
 Who managed the Beatles prior to his early death in 1967?;https://www.wikidata.org/wiki/Q1299;Brian Epstein ;;;;;;;;;;;
 Who manufactures Coca Cola?;https://www.wikidata.org/entity/Q2813;The Coca-Cola Company ;;;;;;;;;;;
 Who owns MTV?;https://www.wikidata.org/wiki/Q43359;Viacom ;;;;;;;;;;;
 Who owns the intellectual property for CD's?;https://www.wikidata.org/wiki/Q34467;Sony ;;;;;;;;;;;
 Who performed Baba O'Riley?;https://www.wikidata.org/wiki/Q787812;The Who ;;;;;;;;;;;
 Who performed Fistful of Steel;https://www.wikidata.org/wiki/Q5862344;Rage Against the Machine ;;;;;;;;;;;
 Who performed the theme song for the American television sitcom 'Friends'?;https://www.wikidata.org/entity/Q1334434;The Rembrandts ;;;;;;;;;;;
" Who performs the song 'Bitch better have my money""?";https://www.wikidata.org/wiki/Q19688807;Rihanna ;;;;;;;;;;;
 Who produced Californication?;https://www.wikidata.org/wiki/Q219425;Rick Rubin ;;;;;;;;;;;
 Who produced Kendrick Lamar's To Pimp a Butterfly?;https://www.wikidata.org/wiki/Q19602856;Dr. Dre ;;;;;;;;;;;
 Who produced the song Shape of My Heart by Sting?;https://www.wikidata.org/wiki/Q3481461;Hugh Padgham ;;;;;;;;;;;
 Who sang Does Your Mother Know?;https://www.wikidata.org/wiki/Q1234579;ABBA ;;;;;;;;;;;
 Who sang the song Rawhide?;https://www.wikidata.org/wiki/Q1844307;Frankie Laine ;;;;;;;;;;;
 Who sings Take me to church?;https://www.wikidata.org/wiki/Q18220127;Hozier ;;;;;;;;;;;
 Who sings Who Let the Dogs Out?;https://www.wikidata.org/wiki/Q3284275;Baha Men ;;;;;;;;;;;
 Who started Interscope?;https://www.wikidata.org/wiki/Q231694;Jimmy Iovine;Ted Field ;;;;;;;;;;
 Who was Dionne Warwick’s most famous female cousin?;https://www.wikidata.org/wiki/Q234695;Whitney Houston ;;;;;;;;;;;
 Who was Freddie Mercury's second partner?;https://www.wikidata.org/wiki/Q15869;Jim Hutton ;;;;;;;;;;;
 Who was Radiohead influenced by?;https://www.wikidata.org/wiki/Q44190;Pink Floyd ;;;;;;;;;;;
 Who was the composer of Für Elise?;http://www.wikidata.org/entity/Q11980;Ludwig van Beethoven ;;;;;;;;;;;
 Who was the composer of The Four Seasons?;https://www.wikidata.org/wiki/Q12016;Antonio Vivaldi ;;;;;;;;;;;
 Who was the composer of the movie Interstellar?;https://www.wikidata.org/wiki/Q13417189;Hans Zimmer ;;;;;;;;;;;
 Who was the first child of Michael Jackson?;https://www.wikidata.org/wiki/Q7244161;Prince-Michael Joseph Jackson ;;;;;;;;;;;
 Who was the manager of The Beatles?;https://www.wikidata.org/wiki/Q1299;Brian Epstein ;;;;;;;;;;;
 Who was the most popular band to date?;https://www.wikidata.org/wiki/Q1299;The Beatles ;;;;;;;;;;;
 Who was the mother of the German componist Bach?;https://www.wikidata.org/wiki/Q1339;Maria Elisabeth Lämmerhirt ;;;;;;;;;;;
 Who was the performer behind Appleknockers Flophouse?;https://www.wikidata.org/wiki/Q50321392;Cuby + Blizzards ;;;;;;;;;;;
 Who was the performer of Thriller?;https://www.wikidata.org/wiki/Q15897;Michael Jackson ;;;;;;;;;;;
 Who were all the members of the Rolling stones;https://www.wikidata.org/wiki/Q110366;Mick Jagger;Keith Richards;Charlie Watts;Ronnie Wood;Brian Jones;Mick Taylor;Bill Wyman ;;;;;
 Who were members of AC/DC during 1973 and 1974?;https://www.wikidata.org/wiki/Q27593;Angus Young;Malcom Young;Cliff Williams;Dave Evans;Bon Scott;Mark Evans;George Young;Stevie Young;Axl Rose ;;;
 Who were Mozart's teachers?;https://www.wikidata.org/wiki/Q254;Johann Schobert;Johann Christian Bach ;;;;;;;;;;
 Who were the band members of the Beatles?;https://www.wikidata.org/wiki/Q1299;John Lennon;Ringo Starr;Paul McCartney;George Harrison;Pete Best;Stuart Sutcliffe;Chas Newby;Tommy Moore ;;;;
 Who were the members of British rock band 'Queen'?;https://www.wikidata.org/entity/Q15869;Freddie Mercury;Brian May;Roger Taylor;John Deacon ;;;;;;;;
 Who were the members of Nirvana?;https://www.wikidata.org/wiki/Q11649;Kurt Cobain;Krist Novoselic;Dave Grohl;Pat Smear ;;;;;;;;
 Who were the members of One Direction?;https://www.wikidata.org/wiki/Q146027;Niall Horan;Zayn Malik;Liam Payne;Louis Tomlinson;Harry Styles ;;;;;;;
 Who were the members of Queen?;https://www.wikidata.org/wiki/Q15862;Freddie Mercury;Brian May;Roger Taylor;John Deacon ;;;;;;;;
 Who were the members of The Doors?;https://www.wikidata.org/wiki/Q45354;Jim Morrison;Robby Krieger;Ray Manzarek;John Densmore ;;;;;;;;
 Who were the members of the Eagles?;https://www.wikidata.org/wiki/Q189635;Glenn Frey;Don Henley;Timothy Bruce Schmit;Joe Walsh;Don Felder;Randy Meisner;Bernie Leadon ;;;;;
 Who were the members of the Jackson 5?;https://www.wikidata.org/wiki/Q43267;Jackie Jackson;Tito Jackson;Jermaine Jackson;Marlon Jackson;Michael Jackson ;;;;;;;
 Who where the original members of Queen?;https://www.wikidata.org/wiki/Q15862;Freddie Mercury;Brian May;Roger Taylor;John Deacon ;;;;;;;;
 Who won the 1974 Eurovision song contest?;https://www.wikidata.org/wiki/Q207541;ABBA ;;;;;;;;;;;
 Who won the first season of the Dutch X Factor?;https://www.wikidata.org/wiki/Q2163268;Sharon Kips ;;;;;;;;;;;
 Who wrote Don't Pass Me By?;https://www.wikidata.org/wiki/Q2319841;Ringo Starr ;;;;;;;;;;;
" Who wrote the lyrics for Oasis' single ""Don't look back in anger?""";https://www.wikidata.org/wiki/Q1070349;Noel Gallagher ;;;;;;;;;;;
 Who wrote the lyrics to Chop Suey!?;https://www.wikidata.org/wiki/Q842880;Serj Tankian;Daron Malakian ;;;;;;;;;;
 Who wrote the lyrics to the Pokémon themesong?;https://www.wikidata.org/wiki/Q25906144;John Loeffler ;;;;;;;;;;;
 Who wrote the song Bohemian Rhapsody?;https://www.wikidata.org/wiki/Q187745;Freddie Mercury ;;;;;;;;;;;
 Who wrote We Will Rock You?;https://www.wikidata.org/wiki/Q326487;Queen;Brian May ;;;;;;;;;;
 Whose song was Hey There Delilah?;https://www.wikidata.org/wiki/Q195326;Plain White T's ;;;;;;;;;;;
 Whose tour was The Mrs. Carter Show World Tour?;https://www.wikidata.org/wiki/Q4168219;Beyoncé ;;;;;;;;;;;
